INSERT INTO `allgacha` (`allgacha_idx`, `allgacha_img`, `allgacha_class`)
VALUES
    (1, 'image1.jpg', 'EVENT'),
    (2, 'image2.jpg', 'SUPERRARE'),
    (3, 'image3.jpg', 'RARE'),
    (4, 'image4.jpg', 'NORMAL'),
    (5, 'image5.jpg', 'NORMAL'),
    (6, 'image6.jpg', 'EVENT'),
    (7, 'image7.jpg', 'SUPERRARE'),
    (8, 'image8.jpg', 'RARE'),
    (9, 'image9.jpg', 'NORMAL'),
    (10, 'image10.jpg', 'NORMAL'),
    (11, 'image11.jpg', 'EVENT'),
    (12, 'image12.jpg', 'SUPERRARE'),
    (13, 'image13.jpg', 'RARE'),
    (14, 'image14.jpg', 'NORMAL'),
    (15, 'image15.jpg', 'NORMAL'),
    (16, 'image16.jpg', 'EVENT'),
    (17, 'image17.jpg', 'SUPERRARE'),
    (18, 'image18.jpg', 'RARE'),
    (19, 'image19.jpg', 'NORMAL'),
    (20, 'image20.jpg', 'NORMAL');

INSERT INTO gacha (user_idx, allgacha_idx)
VALUES
    ('1', 1),
    ('1', 2),
    ('1', 3),
    ('2', 4),
    ('2', 5),
    ('2', 6),
    ('3', 7),
    ('3', 8),
    ('3', 9),
    ('4', 10),
    ('4', 11),
    ('4', 12),
    ('5', 13),
    ('5', 14),
    ('5', 15),
    ('6', 16),
    ('6', 17),
    ('6', 18),
    ('7', 19),
    ('7', 20)
;

INSERT INTO board (board_idx, user_idx, board_title, board_content, board_create_time, board_update_time)
VALUES
    (1, 1, 'Travel Stories', 'Lorem ipsum dolor sit amet, consectetur adipiscing elit.', '2022-04-15 14:35:12','2022-04-15 14:35:12'),
    (2, 1, 'Travel Stories', 'Lorem ipsum dolor sit amet, consectetur adipiscing elit.', '2022-04-15 14:35:12','2022-04-15 14:35:12'),
    (3, 1, 'Travel Stories', 'Lorem ipsum dolor sit amet, consectetur adipiscing elit.', '2022-04-15 14:35:12','2022-04-15 14:35:12'),
    (4, 1, 'Travel Stories', 'Lorem ipsum dolor sit amet, consectetur adipiscing elit.', '2022-04-15 14:35:12','2022-04-15 14:35:12'),
    (5, 1, 'Travel Stories', 'Lorem ipsum dolor sit amet, consectetur adipiscing elit.', '2022-04-15 14:35:12','2022-04-15 14:35:12'),
    (6, 1, 'Travel Stories', 'Lorem ipsum dolor sit amet, consectetur adipiscing elit.', '2022-04-15 14:35:12','2022-04-15 14:35:12'),
    (7, 1, 'Travel Stories', 'Lorem ipsum dolor sit amet, consectetur adipiscing elit.', '2022-04-15 14:35:12','2022-04-15 14:35:12'),
    (8, 1, 'Travel Stories', 'Lorem ipsum dolor sit amet, consectetur adipiscing elit.', '2022-04-15 14:35:12','2022-04-15 14:35:12'),
    (9, 1, 'Travel Stories', 'Lorem ipsum dolor sit amet, consectetur adipiscing elit.', '2022-04-15 14:35:12','2022-04-15 14:35:12'),
    (10, 1, 'Travel Stories', 'Lorem ipsum dolor sit amet, consectetur adipiscing elit.', '2022-04-15 14:35:12','2022-04-15 14:35:12'),
    (11, 1, 'Travel Stories', 'Lorem ipsum dolor sit amet, consectetur adipiscing elit.', '2022-04-15 14:35:12','2022-04-15 14:35:12'),
    (12, 1, 'Travel Stories', 'Lorem ipsum dolor sit amet, consectetur adipiscing elit.', '2022-04-15 14:35:12','2022-04-15 14:35:12'),
    (13, 1, 'Travel Stories', 'Lorem ipsum dolor sit amet, consectetur adipiscing elit.', '2022-04-15 14:35:12','2022-04-15 14:35:12'),
    (14, 1, 'Travel Stories', 'Lorem ipsum dolor sit amet, consectetur adipiscing elit.', '2022-04-15 14:35:12','2022-04-15 14:35:12'),
    (15, 1, 'Travel Stories', 'Lorem ipsum dolor sit amet, consectetur adipiscing elit.', '2022-04-15 14:35:12','2022-04-15 14:35:12'),
    (16, 1, 'Travel Stories', 'Lorem ipsum dolor sit amet, consectetur adipiscing elit.', '2022-04-15 14:35:12','2022-04-15 14:35:12'),
    (17, 1, 'Travel Stories', 'Lorem ipsum dolor sit amet, consectetur adipiscing elit.', '2022-04-15 14:35:12','2022-04-15 14:35:12'),
    (18, 1, 'Travel Stories', 'Lorem ipsum dolor sit amet, consectetur adipiscing elit.', '2022-04-15 14:35:12','2022-04-15 14:35:12'),
    (19, 1, 'Travel Stories', 'Lorem ipsum dolor sit amet, consectetur adipiscing elit.', '2022-04-15 14:35:12','2022-04-15 14:35:12'),
    (20, 1, 'Travel Stories', 'Lorem ipsum dolor sit amet, consectetur adipiscing elit.', '2022-04-15 14:35:12','2022-04-15 14:35:12'),
    (21, 1, 'Travel Stories', 'Lorem ipsum dolor sit amet, consectetur adipiscing elit.', '2022-04-15 14:35:12','2022-04-15 14:35:12'),
    (22, 1, 'Travel Stories', 'Lorem ipsum dolor sit amet, consectetur adipiscing elit.', '2022-04-15 14:35:12','2022-04-15 14:35:12'),
    (23, 1, 'Travel Stories', 'Lorem ipsum dolor sit amet, consectetur adipiscing elit.', '2022-04-15 14:35:12','2022-04-15 14:35:12'),
    (24, 1, 'Travel Stories', 'Lorem ipsum dolor sit amet, consectetur adipiscing elit.', '2022-04-15 14:35:12','2022-04-15 14:35:12'),
    (25, 1, 'Travel Stories', 'Lorem ipsum dolor sit amet, consectetur adipiscing elit.', '2022-04-15 14:35:12','2022-04-15 14:35:12'),
    (26, 1, 'Travel Stories', 'Lorem ipsum dolor sit amet, consectetur adipiscing elit.', '2022-04-15 14:35:12','2022-04-15 14:35:12'),
    (27, 1, 'Travel Stories', 'Lorem ipsum dolor sit amet, consectetur adipiscing elit.', '2022-04-15 14:35:12','2022-04-15 14:35:12'),
    (28, 1, 'Travel Stories', 'Lorem ipsum dolor sit amet, consectetur adipiscing elit.', '2022-04-15 14:35:12','2022-04-15 14:35:12'),
    (29, 1, 'Travel Stories', 'Lorem ipsum dolor sit amet, consectetur adipiscing elit.', '2022-04-15 14:35:12','2022-04-15 14:35:12'),
    (30, 1, 'Travel Stories', 'Lorem ipsum dolor sit amet, consectetur adipiscing elit.', '2022-04-15 14:35:12','2022-04-15 14:35:12');
